Code,Year,temperature,change_in_temp
BDI,1901,20.13,
BDI,1902,20.29,0.16000000000000014
BDI,1903,20.13,-0.16000000000000014
BDI,1904,19.9,-0.23000000000000043
BDI,1905,19.79,-0.10999999999999943
BDI,1906,19.42,-0.36999999999999744
BDI,1907,19.4,-0.020000000000003126
BDI,1908,19.97,0.5700000000000003
BDI,1909,19.23,-0.7399999999999984
BDI,1910,19.22,-0.010000000000001563
BDI,1911,19.31,0.08999999999999986
BDI,1912,19.29,-0.019999999999999574
BDI,1913,19.21,-0.0799999999999983
BDI,1914,19.43,0.21999999999999886
BDI,1915,19.38,-0.05000000000000071
BDI,1916,19.15,-0.23000000000000043
BDI,1917,18.89,-0.259999999999998
BDI,1918,19.11,0.21999999999999886
BDI,1919,19.23,0.120000000000001
BDI,1920,19.22,-0.010000000000001563
BDI,1921,19.91,0.6900000000000013
BDI,1922,19.85,-0.05999999999999872
BDI,1923,19.82,-0.030000000000001137
BDI,1924,19.99,0.16999999999999815
BDI,1925,19.92,-0.06999999999999673
BDI,1926,20.1,0.17999999999999972
BDI,1927,20.0,-0.10000000000000142
BDI,1928,20.11,0.10999999999999943
BDI,1929,19.01,-1.0999999999999979
BDI,1930,19.16,0.14999999999999858
BDI,1931,19.66,0.5
BDI,1932,19.41,-0.25
BDI,1933,19.36,-0.05000000000000071
BDI,1934,19.4,0.03999999999999915
BDI,1935,19.61,0.21000000000000085
BDI,1936,19.49,-0.120000000000001
BDI,1937,19.44,-0.04999999999999716
BDI,1938,19.65,0.2099999999999973
BDI,1939,19.67,0.020000000000003126
BDI,1940,19.87,0.1999999999999993
BDI,1941,20.05,0.17999999999999972
BDI,1942,19.62,-0.4299999999999997
BDI,1943,19.71,0.08999999999999986
BDI,1944,19.78,0.07000000000000028
BDI,1945,19.73,-0.05000000000000071
BDI,1946,19.75,0.019999999999999574
BDI,1947,19.59,-0.16000000000000014
BDI,1948,19.8,0.21000000000000085
BDI,1949,20.14,0.33999999999999986
BDI,1950,19.4,-0.740000000000002
BDI,1951,19.83,0.4299999999999997
BDI,1952,20.02,0.19000000000000128
BDI,1953,20.13,0.10999999999999943
BDI,1954,19.97,-0.16000000000000014
BDI,1955,19.91,-0.05999999999999872
BDI,1956,19.8,-0.10999999999999943
BDI,1957,20.08,0.2799999999999976
BDI,1958,20.28,0.20000000000000284
BDI,1959,20.06,-0.22000000000000242
BDI,1960,19.86,-0.1999999999999993
BDI,1961,20.01,0.15000000000000213
BDI,1962,19.79,-0.22000000000000242
BDI,1963,19.75,-0.03999999999999915
BDI,1964,19.78,0.030000000000001137
BDI,1965,19.82,0.03999999999999915
BDI,1966,20.08,0.259999999999998
BDI,1967,19.87,-0.2099999999999973
BDI,1968,19.58,-0.2900000000000027
BDI,1969,20.22,0.6400000000000006
BDI,1970,19.92,-0.29999999999999716
BDI,1971,19.69,-0.23000000000000043
BDI,1972,19.97,0.2799999999999976
BDI,1973,20.07,0.10000000000000142
BDI,1974,19.81,-0.26000000000000156
BDI,1975,19.8,-0.00999999999999801
BDI,1976,20.04,0.23999999999999844
BDI,1977,20.15,0.10999999999999943
BDI,1978,20.07,-0.0799999999999983
BDI,1979,19.95,-0.120000000000001
BDI,1980,20.08,0.129999999999999
BDI,1981,20.07,-0.00999999999999801
BDI,1982,20.13,0.05999999999999872
BDI,1983,20.39,0.26000000000000156
BDI,1984,20.03,-0.35999999999999943
BDI,1985,19.95,-0.08000000000000185
BDI,1986,20.0,0.05000000000000071
BDI,1987,20.53,0.5300000000000011
BDI,1988,20.3,-0.23000000000000043
BDI,1989,19.9,-0.40000000000000213
BDI,1990,20.24,0.33999999999999986
BDI,1991,20.24,0.0
BDI,1992,20.23,-0.00999999999999801
BDI,1993,20.14,-0.08999999999999986
BDI,1994,20.3,0.16000000000000014
BDI,1995,20.59,0.28999999999999915
BDI,1996,20.32,-0.2699999999999996
BDI,1997,20.56,0.23999999999999844
BDI,1998,20.51,-0.04999999999999716
BDI,1999,20.48,-0.030000000000001137
BDI,2000,20.6,0.120000000000001
BDI,2001,20.59,-0.010000000000001563
BDI,2002,20.86,0.2699999999999996
BDI,2003,20.96,0.10000000000000142
BDI,2004,20.51,-0.4499999999999993
BDI,2005,20.71,0.1999999999999993
BDI,2006,20.47,-0.240000000000002
BDI,2007,20.49,0.019999999999999574
BDI,2008,20.31,-0.17999999999999972
BDI,2009,20.76,0.45000000000000284
BDI,2010,20.85,0.08999999999999986
BDI,2011,20.35,-0.5
BDI,2012,20.37,0.019999999999999574
BDI,2013,20.57,0.1999999999999993
BDI,2014,20.36,-0.21000000000000085
BDI,2015,20.45,0.08999999999999986
BDI,2016,20.68,0.23000000000000043
BDI,2017,20.9,0.21999999999999886
BDI,2018,20.4,-0.5
BDI,2019,20.63,0.23000000000000043
BDI,2020,20.44,-0.18999999999999773
BDI,2021,20.53,0.08999999999999986
CPV,1901,22.74,
CPV,1902,22.79,0.05000000000000071
CPV,1903,23.06,0.2699999999999996
CPV,1904,22.71,-0.34999999999999787
CPV,1905,22.89,0.17999999999999972
CPV,1906,23.1,0.21000000000000085
CPV,1907,22.15,-0.9500000000000028
CPV,1908,22.98,0.8300000000000018
CPV,1909,22.82,-0.16000000000000014
CPV,1910,22.89,0.07000000000000028
CPV,1911,22.85,-0.03999999999999915
CPV,1912,22.75,-0.10000000000000142
CPV,1913,23.04,0.28999999999999915
CPV,1914,22.65,-0.39000000000000057
CPV,1915,23.14,0.490000000000002
CPV,1916,22.74,-0.40000000000000213
CPV,1917,22.65,-0.08999999999999986
CPV,1918,23.0,0.3500000000000014
CPV,1919,23.43,0.4299999999999997
CPV,1920,22.77,-0.6600000000000001
CPV,1921,22.73,-0.03999999999999915
CPV,1922,22.43,-0.3000000000000007
CPV,1923,22.76,0.33000000000000185
CPV,1924,22.68,-0.08000000000000185
CPV,1925,22.83,0.14999999999999858
CPV,1926,23.18,0.3500000000000014
CPV,1927,22.98,-0.1999999999999993
CPV,1928,22.64,-0.33999999999999986
CPV,1929,22.69,0.05000000000000071
CPV,1930,22.43,-0.26000000000000156
CPV,1931,22.78,0.3500000000000014
CPV,1932,22.84,0.05999999999999872
CPV,1933,22.88,0.03999999999999915
CPV,1934,22.59,-0.28999999999999915
CPV,1935,22.54,-0.05000000000000071
CPV,1936,22.99,0.4499999999999993
CPV,1937,23.2,0.21000000000000085
CPV,1938,22.95,-0.25
CPV,1939,22.65,-0.3000000000000007
CPV,1940,22.72,0.07000000000000028
CPV,1941,22.89,0.1700000000000017
CPV,1942,22.63,-0.26000000000000156
CPV,1943,22.78,0.15000000000000213
CPV,1944,23.03,0.25
CPV,1945,23.38,0.34999999999999787
CPV,1946,22.88,-0.5
CPV,1947,22.88,0.0
CPV,1948,22.9,0.019999999999999574
CPV,1949,22.86,-0.03999999999999915
CPV,1950,22.98,0.120000000000001
CPV,1951,22.55,-0.4299999999999997
CPV,1952,22.59,0.03999999999999915
CPV,1953,22.64,0.05000000000000071
CPV,1954,22.72,0.0799999999999983
CPV,1955,22.85,0.13000000000000256
CPV,1956,22.55,-0.3000000000000007
CPV,1957,22.5,-0.05000000000000071
CPV,1958,23.03,0.5300000000000011
CPV,1959,22.75,-0.28000000000000114
CPV,1960,22.87,0.120000000000001
CPV,1961,23.11,0.23999999999999844
CPV,1962,23.09,-0.019999999999999574
CPV,1963,23.11,0.019999999999999574
CPV,1964,22.95,-0.16000000000000014
CPV,1965,22.63,-0.3200000000000003
CPV,1966,23.09,0.46000000000000085
CPV,1967,22.55,-0.5399999999999991
CPV,1968,22.58,0.029999999999997584
CPV,1969,23.39,0.8100000000000023
CPV,1970,23.2,-0.19000000000000128
CPV,1971,22.31,-0.8900000000000006
CPV,1972,22.52,0.21000000000000085
CPV,1973,22.81,0.28999999999999915
CPV,1974,22.24,-0.5700000000000003
CPV,1975,22.44,0.20000000000000284
CPV,1976,22.38,-0.060000000000002274
CPV,1977,22.88,0.5
CPV,1978,22.72,-0.16000000000000014
CPV,1979,22.94,0.22000000000000242
CPV,1980,22.63,-0.3100000000000023
CPV,1981,22.92,0.2900000000000027
CPV,1982,22.52,-0.40000000000000213
CPV,1983,23.17,0.6500000000000021
CPV,1984,22.74,-0.43000000000000327
CPV,1985,22.53,-0.2099999999999973
CPV,1986,22.56,0.029999999999997584
CPV,1987,23.2,0.6400000000000006
CPV,1988,22.85,-0.34999999999999787
CPV,1989,22.77,-0.08000000000000185
CPV,1990,23.09,0.3200000000000003
CPV,1991,22.87,-0.21999999999999886
CPV,1992,22.87,0.0
CPV,1993,22.88,0.00999999999999801
CPV,1994,22.79,-0.08999999999999986
CPV,1995,22.92,0.13000000000000256
CPV,1996,23.11,0.18999999999999773
CPV,1997,23.36,0.25
CPV,1998,23.48,0.120000000000001
CPV,1999,22.84,-0.6400000000000006
CPV,2000,23.03,0.19000000000000128
CPV,2001,23.33,0.29999999999999716
CPV,2002,23.22,-0.10999999999999943
CPV,2003,23.21,-0.00999999999999801
CPV,2004,23.26,0.05000000000000071
CPV,2005,23.47,0.2099999999999973
CPV,2006,23.2,-0.2699999999999996
CPV,2007,23.21,0.010000000000001563
CPV,2008,23.32,0.10999999999999943
CPV,2009,23.02,-0.3000000000000007
CPV,2010,23.61,0.5899999999999999
CPV,2011,23.15,-0.46000000000000085
CPV,2012,23.19,0.0400000000000027
CPV,2013,23.26,0.07000000000000028
CPV,2014,23.14,-0.120000000000001
CPV,2015,23.24,0.09999999999999787
CPV,2016,23.37,0.13000000000000256
CPV,2017,23.47,0.09999999999999787
CPV,2018,22.91,-0.5599999999999987
CPV,2019,23.06,0.14999999999999858
CPV,2020,23.65,0.5899999999999999
CPV,2021,23.45,-0.1999999999999993
COG,1901,24.02,
COG,1902,24.07,0.05000000000000071
COG,1903,24.04,-0.030000000000001137
COG,1904,24.02,-0.019999999999999574
COG,1905,24.01,-0.00999999999999801
COG,1906,23.92,-0.08999999999999986
COG,1907,23.9,-0.020000000000003126
COG,1908,23.99,0.08999999999999986
COG,1909,23.96,-0.029999999999997584
COG,1910,23.94,-0.019999999999999574
COG,1911,23.95,0.00999999999999801
COG,1912,23.98,0.030000000000001137
COG,1913,23.95,-0.030000000000001137
COG,1914,23.98,0.030000000000001137
COG,1915,23.97,-0.010000000000001563
COG,1916,23.95,-0.019999999999999574
COG,1917,23.94,-0.00999999999999801
COG,1918,23.91,-0.030000000000001137
COG,1919,23.93,0.019999999999999574
COG,1920,23.95,0.019999999999999574
COG,1921,23.99,0.03999999999999915
COG,1922,24.01,0.020000000000003126
COG,1923,23.99,-0.020000000000003126
COG,1924,24.01,0.020000000000003126
COG,1925,23.97,-0.0400000000000027
COG,1926,24.0,0.030000000000001137
COG,1927,23.99,-0.010000000000001563
COG,1928,24.04,0.05000000000000071
COG,1929,23.94,-0.09999999999999787
COG,1930,23.94,0.0
COG,1931,24.01,0.07000000000000028
COG,1932,23.94,-0.07000000000000028
COG,1933,23.94,0.0
COG,1934,23.93,-0.010000000000001563
COG,1935,23.95,0.019999999999999574
COG,1936,23.92,-0.029999999999997584
COG,1937,23.91,-0.010000000000001563
COG,1938,23.98,0.07000000000000028
COG,1939,23.97,-0.010000000000001563
COG,1940,24.04,0.07000000000000028
COG,1941,24.4,0.35999999999999943
COG,1942,24.24,-0.16000000000000014
COG,1943,23.93,-0.3099999999999987
COG,1944,24.13,0.1999999999999993
COG,1945,24.06,-0.07000000000000028
COG,1946,24.04,-0.019999999999999574
COG,1947,24.11,0.07000000000000028
COG,1948,23.97,-0.14000000000000057
COG,1949,24.27,0.3000000000000007
COG,1950,23.87,-0.3999999999999986
COG,1951,23.92,0.05000000000000071
COG,1952,24.11,0.18999999999999773
COG,1953,24.01,-0.09999999999999787
COG,1954,23.81,-0.20000000000000284
COG,1955,23.75,-0.05999999999999872
COG,1956,23.72,-0.030000000000001137
COG,1957,24.04,0.3200000000000003
COG,1958,24.24,0.1999999999999993
COG,1959,24.02,-0.21999999999999886
COG,1960,23.92,-0.09999999999999787
COG,1961,23.85,-0.07000000000000028
COG,1962,23.85,0.0
COG,1963,23.93,0.0799999999999983
COG,1964,23.85,-0.0799999999999983
COG,1965,23.91,0.05999999999999872
COG,1966,24.08,0.16999999999999815
COG,1967,23.83,-0.25
COG,1968,23.82,-0.00999999999999801
COG,1969,24.22,0.3999999999999986
COG,1970,24.13,-0.08999999999999986
COG,1971,23.78,-0.34999999999999787
COG,1972,23.95,0.16999999999999815
COG,1973,24.07,0.120000000000001
COG,1974,23.68,-0.39000000000000057
COG,1975,23.69,0.010000000000001563
COG,1976,23.75,0.05999999999999872
COG,1977,24.08,0.3299999999999983
COG,1978,24.02,-0.05999999999999872
COG,1979,24.1,0.08000000000000185
COG,1980,24.12,0.019999999999999574
COG,1981,24.13,0.00999999999999801
COG,1982,24.1,-0.029999999999997584
COG,1983,24.43,0.3299999999999983
COG,1984,24.14,-0.28999999999999915
COG,1985,24.04,-0.10000000000000142
COG,1986,24.07,0.030000000000001137
COG,1987,24.59,0.5199999999999996
COG,1988,24.35,-0.23999999999999844
COG,1989,24.0,-0.3500000000000014
COG,1990,24.34,0.33999999999999986
COG,1991,24.13,-0.21000000000000085
COG,1992,24.07,-0.05999999999999872
COG,1993,24.03,-0.03999999999999915
COG,1994,24.06,0.029999999999997584
COG,1995,24.36,0.3000000000000007
COG,1996,24.08,-0.28000000000000114
COG,1997,24.27,0.19000000000000128
COG,1998,24.57,0.3000000000000007
COG,1999,24.04,-0.5300000000000011
COG,2000,24.27,0.23000000000000043
COG,2001,24.38,0.10999999999999943
COG,2002,24.51,0.13000000000000256
COG,2003,24.53,0.019999999999999574
COG,2004,24.52,-0.010000000000001563
COG,2005,24.73,0.21000000000000085
COG,2006,24.44,-0.28999999999999915
COG,2007,24.46,0.019999999999999574
COG,2008,24.34,-0.120000000000001
COG,2009,24.55,0.21000000000000085
COG,2010,24.74,0.18999999999999773
COG,2011,24.25,-0.48999999999999844
COG,2012,24.19,-0.05999999999999872
COG,2013,24.3,0.10999999999999943
COG,2014,24.24,-0.060000000000002274
COG,2015,24.33,0.08999999999999986
COG,2016,24.54,0.21000000000000085
COG,2017,24.41,-0.129999999999999
COG,2018,24.32,-0.08999999999999986
COG,2019,24.37,0.05000000000000071
COG,2020,24.48,0.10999999999999943
COG,2021,24.46,-0.019999999999999574
CRI,1901,22.74,
CRI,1902,22.79,0.05000000000000071
CRI,1903,23.06,0.2699999999999996
CRI,1904,22.71,-0.34999999999999787
CRI,1905,22.89,0.17999999999999972
CRI,1906,23.1,0.21000000000000085
CRI,1907,22.15,-0.9500000000000028
CRI,1908,22.98,0.8300000000000018
CRI,1909,22.82,-0.16000000000000014
CRI,1910,22.89,0.07000000000000028
CRI,1911,22.85,-0.03999999999999915
CRI,1912,22.75,-0.10000000000000142
CRI,1913,23.04,0.28999999999999915
CRI,1914,22.65,-0.39000000000000057
CRI,1915,23.14,0.490000000000002
CRI,1916,22.74,-0.40000000000000213
CRI,1917,22.65,-0.08999999999999986
CRI,1918,23.0,0.3500000000000014
CRI,1919,23.43,0.4299999999999997
CRI,1920,22.77,-0.6600000000000001
CRI,1921,22.73,-0.03999999999999915
CRI,1922,22.43,-0.3000000000000007
CRI,1923,22.76,0.33000000000000185
CRI,1924,22.68,-0.08000000000000185
CRI,1925,22.83,0.14999999999999858
CRI,1926,23.18,0.3500000000000014
CRI,1927,22.98,-0.1999999999999993
CRI,1928,22.64,-0.33999999999999986
CRI,1929,22.69,0.05000000000000071
CRI,1930,22.43,-0.26000000000000156
CRI,1931,22.78,0.3500000000000014
CRI,1932,22.84,0.05999999999999872
CRI,1933,22.88,0.03999999999999915
CRI,1934,22.59,-0.28999999999999915
CRI,1935,22.54,-0.05000000000000071
CRI,1936,22.99,0.4499999999999993
CRI,1937,23.2,0.21000000000000085
CRI,1938,22.95,-0.25
CRI,1939,22.65,-0.3000000000000007
CRI,1940,22.72,0.07000000000000028
CRI,1941,22.89,0.1700000000000017
CRI,1942,22.63,-0.26000000000000156
CRI,1943,22.78,0.15000000000000213
CRI,1944,23.03,0.25
CRI,1945,23.38,0.34999999999999787
CRI,1946,22.88,-0.5
CRI,1947,22.88,0.0
CRI,1948,22.9,0.019999999999999574
CRI,1949,22.86,-0.03999999999999915
CRI,1950,22.98,0.120000000000001
CRI,1951,22.55,-0.4299999999999997
CRI,1952,22.59,0.03999999999999915
CRI,1953,22.64,0.05000000000000071
CRI,1954,22.72,0.0799999999999983
CRI,1955,22.85,0.13000000000000256
CRI,1956,22.55,-0.3000000000000007
CRI,1957,22.5,-0.05000000000000071
CRI,1958,23.03,0.5300000000000011
CRI,1959,22.75,-0.28000000000000114
CRI,1960,22.87,0.120000000000001
CRI,1961,23.11,0.23999999999999844
CRI,1962,23.09,-0.019999999999999574
CRI,1963,23.11,0.019999999999999574
CRI,1964,22.95,-0.16000000000000014
CRI,1965,22.63,-0.3200000000000003
CRI,1966,23.09,0.46000000000000085
CRI,1967,22.55,-0.5399999999999991
CRI,1968,22.58,0.029999999999997584
CRI,1969,23.39,0.8100000000000023
CRI,1970,23.2,-0.19000000000000128
CRI,1971,22.31,-0.8900000000000006
CRI,1972,22.52,0.21000000000000085
CRI,1973,22.81,0.28999999999999915
CRI,1974,22.24,-0.5700000000000003
CRI,1975,22.44,0.20000000000000284
CRI,1976,22.38,-0.060000000000002274
CRI,1977,22.88,0.5
CRI,1978,22.72,-0.16000000000000014
CRI,1979,22.94,0.22000000000000242
CRI,1980,22.63,-0.3100000000000023
CRI,1981,22.92,0.2900000000000027
CRI,1982,22.52,-0.40000000000000213
CRI,1983,23.17,0.6500000000000021
CRI,1984,22.74,-0.43000000000000327
CRI,1985,22.53,-0.2099999999999973
CRI,1986,22.56,0.029999999999997584
CRI,1987,23.2,0.6400000000000006
CRI,1988,22.85,-0.34999999999999787
CRI,1989,22.77,-0.08000000000000185
CRI,1990,23.09,0.3200000000000003
CRI,1991,22.87,-0.21999999999999886
CRI,1992,22.87,0.0
CRI,1993,22.88,0.00999999999999801
CRI,1994,22.79,-0.08999999999999986
CRI,1995,22.92,0.13000000000000256
CRI,1996,23.11,0.18999999999999773
CRI,1997,23.36,0.25
CRI,1998,23.48,0.120000000000001
CRI,1999,22.84,-0.6400000000000006
CRI,2000,23.03,0.19000000000000128
CRI,2001,23.33,0.29999999999999716
CRI,2002,23.22,-0.10999999999999943
CRI,2003,23.21,-0.00999999999999801
CRI,2004,23.26,0.05000000000000071
CRI,2005,23.47,0.2099999999999973
CRI,2006,23.2,-0.2699999999999996
CRI,2007,23.21,0.010000000000001563
CRI,2008,23.32,0.10999999999999943
CRI,2009,23.02,-0.3000000000000007
CRI,2010,23.61,0.5899999999999999
CRI,2011,23.15,-0.46000000000000085
CRI,2012,23.19,0.0400000000000027
CRI,2013,23.26,0.07000000000000028
CRI,2014,23.14,-0.120000000000001
CRI,2015,23.24,0.09999999999999787
CRI,2016,23.37,0.13000000000000256
CRI,2017,23.47,0.09999999999999787
CRI,2018,22.91,-0.5599999999999987
CRI,2019,23.06,0.14999999999999858
CRI,2020,23.65,0.5899999999999999
CRI,2021,23.45,-0.1999999999999993
DJI,1901,27.91,
DJI,1902,28.04,0.129999999999999
DJI,1903,28.2,0.16000000000000014
DJI,1904,27.94,-0.259999999999998
DJI,1905,28.14,0.1999999999999993
DJI,1906,28.09,-0.05000000000000071
DJI,1907,27.78,-0.3099999999999987
DJI,1908,28.15,0.36999999999999744
DJI,1909,27.5,-0.6499999999999986
DJI,1910,28.42,0.9200000000000017
DJI,1911,28.46,0.03999999999999915
DJI,1912,27.88,-0.5800000000000018
DJI,1913,27.89,0.010000000000001563
DJI,1914,27.91,0.019999999999999574
DJI,1915,27.91,0.0
DJI,1916,27.89,-0.019999999999999574
DJI,1917,27.9,0.00999999999999801
DJI,1918,27.91,0.010000000000001563
DJI,1919,27.91,0.0
DJI,1920,27.89,-0.019999999999999574
DJI,1921,27.91,0.019999999999999574
DJI,1922,27.92,0.010000000000001563
DJI,1923,27.9,-0.020000000000003126
DJI,1924,27.93,0.030000000000001137
DJI,1925,27.92,-0.00999999999999801
DJI,1926,27.92,0.0
DJI,1927,27.92,0.0
DJI,1928,27.92,0.0
DJI,1929,27.9,-0.020000000000003126
DJI,1930,27.89,-0.00999999999999801
DJI,1931,27.92,0.030000000000001137
DJI,1932,27.9,-0.020000000000003126
DJI,1933,27.91,0.010000000000001563
DJI,1934,27.91,0.0
DJI,1935,27.91,0.0
DJI,1936,27.9,-0.010000000000001563
DJI,1937,27.92,0.020000000000003126
DJI,1938,27.91,-0.010000000000001563
DJI,1939,27.92,0.010000000000001563
DJI,1940,27.92,0.0
DJI,1941,27.82,-0.10000000000000142
DJI,1942,27.67,-0.14999999999999858
DJI,1943,27.26,-0.41000000000000014
DJI,1944,27.6,0.33999999999999986
DJI,1945,27.49,-0.11000000000000298
DJI,1946,27.85,0.360000000000003
DJI,1947,28.1,0.25
DJI,1948,27.51,-0.5899999999999999
DJI,1949,27.28,-0.23000000000000043
DJI,1950,27.4,0.11999999999999744
DJI,1951,27.93,0.5300000000000011
DJI,1952,27.95,0.019999999999999574
DJI,1953,28.36,0.41000000000000014
DJI,1954,28.36,0.0
DJI,1955,28.45,0.08999999999999986
DJI,1956,27.63,-0.8200000000000003
DJI,1957,27.54,-0.08999999999999986
DJI,1958,27.98,0.4400000000000013
DJI,1959,27.86,-0.120000000000001
DJI,1960,27.72,-0.14000000000000057
DJI,1961,27.46,-0.259999999999998
DJI,1962,27.46,0.0
DJI,1963,27.84,0.379999999999999
DJI,1964,27.33,-0.5100000000000016
DJI,1965,27.71,0.38000000000000256
DJI,1966,27.83,0.11999999999999744
DJI,1967,27.29,-0.5399999999999991
DJI,1968,27.37,0.08000000000000185
DJI,1969,28.1,0.7300000000000004
DJI,1970,27.98,-0.120000000000001
DJI,1971,27.47,-0.5100000000000016
DJI,1972,27.91,0.4400000000000013
DJI,1973,28.36,0.4499999999999993
DJI,1974,27.63,-0.7300000000000004
DJI,1975,27.86,0.23000000000000043
DJI,1976,28.11,0.25
DJI,1977,28.14,0.030000000000001137
DJI,1978,28.12,-0.019999999999999574
DJI,1979,28.32,0.1999999999999993
DJI,1980,28.66,0.33999999999999986
DJI,1981,27.71,-0.9499999999999993
DJI,1982,27.95,0.23999999999999844
DJI,1983,28.08,0.129999999999999
DJI,1984,27.8,-0.2799999999999976
DJI,1985,27.85,0.05000000000000071
DJI,1986,27.89,0.03999999999999915
DJI,1987,28.04,0.14999999999999858
DJI,1988,27.96,-0.0799999999999983
DJI,1989,27.55,-0.41000000000000014
DJI,1990,28.11,0.5599999999999987
DJI,1991,28.24,0.129999999999999
DJI,1992,27.87,-0.36999999999999744
DJI,1993,27.87,0.0
DJI,1994,28.05,0.17999999999999972
DJI,1995,28.19,0.14000000000000057
DJI,1996,28.26,0.07000000000000028
DJI,1997,28.26,0.0
DJI,1998,28.62,0.35999999999999943
DJI,1999,28.0,-0.620000000000001
DJI,2000,28.28,0.28000000000000114
DJI,2001,28.35,0.07000000000000028
DJI,2002,28.89,0.5399999999999991
DJI,2003,28.62,-0.2699999999999996
DJI,2004,28.51,-0.10999999999999943
DJI,2005,28.6,0.08999999999999986
DJI,2006,28.52,-0.08000000000000185
DJI,2007,28.33,-0.19000000000000128
DJI,2008,28.31,-0.019999999999999574
DJI,2009,29.09,0.7800000000000011
DJI,2010,28.69,-0.3999999999999986
DJI,2011,28.6,-0.08999999999999986
DJI,2012,28.58,-0.020000000000003126
DJI,2013,28.95,0.370000000000001
DJI,2014,28.66,-0.28999999999999915
DJI,2015,29.21,0.5500000000000007
DJI,2016,29.08,-0.13000000000000256
DJI,2017,28.88,-0.1999999999999993
DJI,2018,28.46,-0.41999999999999815
DJI,2019,28.58,0.11999999999999744
DJI,2020,28.43,-0.14999999999999858
DJI,2021,28.46,0.030000000000001137
ERI,1901,26.5,
ERI,1902,25.92,-0.5799999999999983
ERI,1903,25.75,-0.1700000000000017
ERI,1904,25.85,0.10000000000000142
ERI,1905,25.77,-0.08000000000000185
ERI,1906,26.06,0.28999999999999915
ERI,1907,25.74,-0.3200000000000003
ERI,1908,25.86,0.120000000000001
ERI,1909,25.83,-0.030000000000001137
ERI,1910,25.9,0.07000000000000028
ERI,1911,26.05,0.15000000000000213
ERI,1912,25.68,-0.370000000000001
ERI,1913,25.48,-0.1999999999999993
ERI,1914,25.99,0.509999999999998
ERI,1915,26.21,0.22000000000000242
ERI,1916,25.5,-0.7100000000000009
ERI,1917,25.55,0.05000000000000071
ERI,1918,25.65,0.09999999999999787
ERI,1919,26.16,0.5100000000000016
ERI,1920,25.26,-0.8999999999999986
ERI,1921,25.6,0.33999999999999986
ERI,1922,25.61,0.00999999999999801
ERI,1923,25.52,-0.08999999999999986
ERI,1924,25.94,0.4200000000000017
ERI,1925,25.74,-0.20000000000000284
ERI,1926,25.82,0.08000000000000185
ERI,1927,26.12,0.3000000000000007
ERI,1928,26.55,0.4299999999999997
ERI,1929,25.82,-0.7300000000000004
ERI,1930,25.72,-0.10000000000000142
ERI,1931,26.17,0.45000000000000284
ERI,1932,25.8,-0.370000000000001
ERI,1933,26.27,0.46999999999999886
ERI,1934,25.88,-0.39000000000000057
ERI,1935,26.01,0.13000000000000256
ERI,1936,26.33,0.31999999999999673
ERI,1937,26.05,-0.2799999999999976
ERI,1938,25.97,-0.08000000000000185
ERI,1939,26.54,0.5700000000000003
ERI,1940,26.56,0.019999999999999574
ERI,1941,25.8,-0.759999999999998
ERI,1942,25.48,-0.3200000000000003
ERI,1943,24.71,-0.7699999999999996
ERI,1944,25.29,0.5799999999999983
ERI,1945,25.04,-0.25
ERI,1946,25.36,0.3200000000000003
ERI,1947,25.69,0.33000000000000185
ERI,1948,25.09,-0.6000000000000014
ERI,1949,24.95,-0.14000000000000057
ERI,1950,25.41,0.46000000000000085
ERI,1951,25.35,-0.05999999999999872
ERI,1952,25.76,0.41000000000000014
ERI,1953,25.78,0.019999999999999574
ERI,1954,25.87,0.08999999999999986
ERI,1955,26.04,0.16999999999999815
ERI,1956,25.41,-0.629999999999999
ERI,1957,25.51,0.10000000000000142
ERI,1958,25.92,0.41000000000000014
ERI,1959,25.41,-0.5100000000000016
ERI,1960,25.84,0.4299999999999997
ERI,1961,25.07,-0.7699999999999996
ERI,1962,25.55,0.4800000000000004
ERI,1963,25.89,0.33999999999999986
ERI,1964,25.01,-0.879999999999999
ERI,1965,25.61,0.5999999999999979
ERI,1966,25.86,0.25
ERI,1967,25.04,-0.8200000000000003
ERI,1968,25.23,0.19000000000000128
ERI,1969,26.2,0.9699999999999989
ERI,1970,25.76,-0.4399999999999977
ERI,1971,25.17,-0.5899999999999999
ERI,1972,25.64,0.46999999999999886
ERI,1973,26.17,0.5300000000000011
ERI,1974,25.69,-0.4800000000000004
ERI,1975,25.8,0.10999999999999943
ERI,1976,26.15,0.34999999999999787
ERI,1977,25.88,-0.2699999999999996
ERI,1978,26.12,0.240000000000002
ERI,1979,26.44,0.3200000000000003
ERI,1980,26.64,0.1999999999999993
ERI,1981,25.99,-0.6500000000000021
ERI,1982,25.86,-0.129999999999999
ERI,1983,25.96,0.10000000000000142
ERI,1984,26.39,0.4299999999999997
ERI,1985,26.22,-0.1700000000000017
ERI,1986,26.1,-0.11999999999999744
ERI,1987,26.05,-0.05000000000000071
ERI,1988,25.74,-0.3100000000000023
ERI,1989,25.36,-0.379999999999999
ERI,1990,26.2,0.8399999999999999
ERI,1991,26.22,0.019999999999999574
ERI,1992,25.55,-0.6699999999999982
ERI,1993,26.13,0.5799999999999983
ERI,1994,26.06,-0.07000000000000028
ERI,1995,25.91,-0.14999999999999858
ERI,1996,26.37,0.46000000000000085
ERI,1997,26.31,-0.060000000000002274
ERI,1998,26.62,0.3100000000000023
ERI,1999,26.52,-0.10000000000000142
ERI,2000,26.45,-0.07000000000000028
ERI,2001,26.58,0.129999999999999
ERI,2002,26.93,0.3500000000000014
ERI,2003,26.65,-0.28000000000000114
ERI,2004,26.55,-0.09999999999999787
ERI,2005,26.82,0.2699999999999996
ERI,2006,26.52,-0.3000000000000007
ERI,2007,26.43,-0.08999999999999986
ERI,2008,26.59,0.16000000000000014
ERI,2009,27.24,0.6499999999999986
ERI,2010,27.39,0.15000000000000213
ERI,2011,26.78,-0.6099999999999994
ERI,2012,26.94,0.16000000000000014
ERI,2013,27.05,0.10999999999999943
ERI,2014,26.7,-0.3500000000000014
ERI,2015,27.25,0.5500000000000007
ERI,2016,27.27,0.019999999999999574
ERI,2017,27.08,-0.19000000000000128
ERI,2018,26.93,-0.14999999999999858
ERI,2019,26.69,-0.23999999999999844
ERI,2020,26.38,-0.3100000000000023
ERI,2021,26.87,0.490000000000002
KIR,1901,27.49,
KIR,1902,27.49,0.0
KIR,1903,27.49,0.0
KIR,1904,27.49,0.0
KIR,1905,27.49,0.0
KIR,1906,27.49,0.0
KIR,1907,27.49,0.0
KIR,1908,27.49,0.0
KIR,1909,27.49,0.0
KIR,1910,27.49,0.0
KIR,1911,27.49,0.0
KIR,1912,27.49,0.0
KIR,1913,27.49,0.0
KIR,1914,27.49,0.0
KIR,1915,27.49,0.0
KIR,1916,27.49,0.0
KIR,1917,27.49,0.0
KIR,1918,27.49,0.0
KIR,1919,27.49,0.0
KIR,1920,27.49,0.0
KIR,1921,27.49,0.0
KIR,1922,28.07,0.5800000000000018
KIR,1923,28.32,0.25
KIR,1924,28.06,-0.26000000000000156
KIR,1925,28.09,0.030000000000001137
KIR,1926,27.49,-0.6000000000000014
KIR,1927,27.49,0.0
KIR,1928,27.49,0.0
KIR,1929,28.02,0.5300000000000011
KIR,1930,28.2,0.17999999999999972
KIR,1931,27.49,-0.7100000000000009
KIR,1932,27.49,0.0
KIR,1933,27.49,0.0
KIR,1934,27.49,0.0
KIR,1935,27.49,0.0
KIR,1936,27.49,0.0
KIR,1937,27.49,0.0
KIR,1938,27.49,0.0
KIR,1939,27.49,0.0
KIR,1940,27.49,0.0
KIR,1941,27.49,0.0
KIR,1942,27.49,0.0
KIR,1943,27.49,0.0
KIR,1944,27.49,0.0
KIR,1945,27.49,0.0
KIR,1946,27.49,0.0
KIR,1947,27.49,0.0
KIR,1948,27.49,0.0
KIR,1949,27.49,0.0
KIR,1950,27.49,0.0
KIR,1951,27.54,0.05000000000000071
KIR,1952,27.06,-0.4800000000000004
KIR,1953,26.7,-0.35999999999999943
KIR,1954,26.88,0.17999999999999972
KIR,1955,27.14,0.26000000000000156
KIR,1956,27.05,-0.08999999999999986
KIR,1957,27.05,0.0
KIR,1958,27.36,0.3099999999999987
KIR,1959,27.49,0.129999999999999
KIR,1960,27.49,0.0
KIR,1961,27.49,0.0
KIR,1962,27.49,0.0
KIR,1963,27.79,0.3000000000000007
KIR,1964,27.49,-0.3000000000000007
KIR,1965,27.49,0.0
KIR,1966,27.49,0.0
KIR,1967,27.53,0.0400000000000027
KIR,1968,27.48,-0.05000000000000071
KIR,1969,27.86,0.379999999999999
KIR,1970,27.31,-0.5500000000000007
KIR,1971,26.75,-0.5599999999999987
KIR,1972,27.43,0.6799999999999997
KIR,1973,27.03,-0.3999999999999986
KIR,1974,27.21,0.17999999999999972
KIR,1975,26.99,-0.22000000000000242
KIR,1976,27.19,0.20000000000000284
KIR,1977,27.85,0.6600000000000001
KIR,1978,27.57,-0.28000000000000114
KIR,1979,27.64,0.07000000000000028
KIR,1980,27.85,0.21000000000000085
KIR,1981,27.46,-0.39000000000000057
KIR,1982,27.87,0.41000000000000014
KIR,1983,27.81,-0.060000000000002274
KIR,1984,27.33,-0.4800000000000004
KIR,1985,27.44,0.11000000000000298
KIR,1986,27.68,0.23999999999999844
KIR,1987,28.11,0.4299999999999997
KIR,1988,27.47,-0.6400000000000006
KIR,1989,27.14,-0.3299999999999983
KIR,1990,27.52,0.379999999999999
KIR,1991,27.49,-0.030000000000001137
KIR,1992,27.49,0.0
KIR,1993,27.49,0.0
KIR,1994,27.49,0.0
KIR,1995,27.49,0.0
KIR,1996,27.49,0.0
KIR,1997,27.49,0.0
KIR,1998,27.49,0.0
KIR,1999,27.49,0.0
KIR,2000,27.49,0.0
KIR,2001,27.49,0.0
KIR,2002,27.49,0.0
KIR,2003,27.49,0.0
KIR,2004,27.49,0.0
KIR,2005,27.49,0.0
KIR,2006,27.49,0.0
KIR,2007,27.49,0.0
KIR,2008,27.49,0.0
KIR,2009,27.49,0.0
KIR,2010,27.49,0.0
KIR,2011,27.49,0.0
KIR,2012,27.49,0.0
KIR,2013,27.49,0.0
KIR,2014,27.49,0.0
KIR,2015,27.49,0.0
KIR,2016,27.49,0.0
KIR,2017,27.49,0.0
KIR,2018,27.49,0.0
KIR,2019,27.49,0.0
KIR,2020,27.49,0.0
KIR,2021,27.49,0.0
PLW,1901,27.53,
PLW,1902,27.53,0.0
PLW,1903,27.53,0.0
PLW,1904,27.53,0.0
PLW,1905,27.53,0.0
PLW,1906,27.53,0.0
PLW,1907,27.53,0.0
PLW,1908,27.53,0.0
PLW,1909,27.53,0.0
PLW,1910,27.53,0.0
PLW,1911,27.53,0.0
PLW,1912,27.53,0.0
PLW,1913,27.53,0.0
PLW,1914,27.53,0.0
PLW,1915,27.53,0.0
PLW,1916,27.53,0.0
PLW,1917,27.53,0.0
PLW,1918,27.53,0.0
PLW,1919,27.53,0.0
PLW,1920,27.53,0.0
PLW,1921,27.38,-0.15000000000000213
PLW,1922,27.24,-0.14000000000000057
PLW,1923,27.06,-0.17999999999999972
PLW,1924,26.81,-0.25
PLW,1925,26.97,0.16000000000000014
PLW,1926,27.28,0.3100000000000023
PLW,1927,27.31,0.029999999999997584
PLW,1928,27.4,0.08999999999999986
PLW,1929,26.93,-0.46999999999999886
PLW,1930,27.33,0.3999999999999986
PLW,1931,27.23,-0.09999999999999787
PLW,1932,27.13,-0.10000000000000142
PLW,1933,27.19,0.060000000000002274
PLW,1934,27.23,0.03999999999999915
PLW,1935,27.14,-0.08999999999999986
PLW,1936,27.07,-0.07000000000000028
PLW,1937,27.1,0.030000000000001137
PLW,1938,27.05,-0.05000000000000071
PLW,1939,27.15,0.09999999999999787
PLW,1940,27.04,-0.10999999999999943
PLW,1941,27.12,0.08000000000000185
PLW,1942,27.09,-0.030000000000001137
PLW,1943,26.96,-0.129999999999999
PLW,1944,27.53,0.5700000000000003
PLW,1945,27.53,0.0
PLW,1946,27.53,0.0
PLW,1947,27.53,0.0
PLW,1948,27.42,-0.10999999999999943
PLW,1949,27.57,0.14999999999999858
PLW,1950,27.53,-0.03999999999999915
PLW,1951,27.75,0.21999999999999886
PLW,1952,27.6,-0.14999999999999858
PLW,1953,27.69,0.08999999999999986
PLW,1954,27.63,-0.060000000000002274
PLW,1955,27.46,-0.16999999999999815
PLW,1956,27.39,-0.07000000000000028
PLW,1957,27.69,0.3000000000000007
PLW,1958,27.79,0.09999999999999787
PLW,1959,27.58,-0.21000000000000085
PLW,1960,27.66,0.08000000000000185
PLW,1961,27.32,-0.33999999999999986
PLW,1962,27.44,0.120000000000001
PLW,1963,27.53,0.08999999999999986
PLW,1964,27.46,-0.07000000000000028
PLW,1965,27.29,-0.1700000000000017
PLW,1966,27.57,0.28000000000000114
PLW,1967,27.46,-0.10999999999999943
PLW,1968,27.56,0.09999999999999787
PLW,1969,27.52,-0.03999999999999915
PLW,1970,27.76,0.240000000000002
PLW,1971,27.44,-0.3200000000000003
PLW,1972,27.55,0.10999999999999943
PLW,1973,27.67,0.120000000000001
PLW,1974,27.47,-0.20000000000000284
PLW,1975,27.31,-0.16000000000000014
PLW,1976,27.32,0.010000000000001563
PLW,1977,27.62,0.3000000000000007
PLW,1978,27.47,-0.15000000000000213
PLW,1979,27.48,0.010000000000001563
PLW,1980,27.49,0.00999999999999801
PLW,1981,27.54,0.05000000000000071
PLW,1982,27.46,-0.0799999999999983
PLW,1983,27.57,0.10999999999999943
PLW,1984,27.64,0.07000000000000028
PLW,1985,27.51,-0.129999999999999
PLW,1986,27.75,0.23999999999999844
PLW,1987,27.85,0.10000000000000142
PLW,1988,27.85,0.0
PLW,1989,27.64,-0.21000000000000085
PLW,1990,27.52,-0.120000000000001
PLW,1991,27.27,-0.25
PLW,1992,27.37,0.10000000000000142
PLW,1993,27.28,-0.08999999999999986
PLW,1994,27.48,0.1999999999999993
PLW,1995,27.54,0.05999999999999872
PLW,1996,27.68,0.14000000000000057
PLW,1997,27.66,-0.019999999999999574
PLW,1998,27.83,0.16999999999999815
PLW,1999,27.74,-0.08999999999999986
PLW,2000,28.03,0.2900000000000027
PLW,2001,28.16,0.129999999999999
PLW,2002,28.14,-0.019999999999999574
PLW,2003,27.93,-0.21000000000000085
PLW,2004,28.1,0.1700000000000017
PLW,2005,27.98,-0.120000000000001
PLW,2006,28.11,0.129999999999999
PLW,2007,28.01,-0.09999999999999787
PLW,2008,27.87,-0.14000000000000057
PLW,2009,27.84,-0.030000000000001137
PLW,2010,27.61,-0.23000000000000043
PLW,2011,27.75,0.14000000000000057
PLW,2012,28.14,0.39000000000000057
PLW,2013,28.26,0.120000000000001
PLW,2014,28.1,-0.16000000000000014
PLW,2015,28.21,0.10999999999999943
PLW,2016,28.4,0.18999999999999773
PLW,2017,28.17,-0.22999999999999687
PLW,2018,28.38,0.2099999999999973
PLW,2019,28.08,-0.3000000000000007
PLW,2020,27.72,-0.35999999999999943
PLW,2021,27.56,-0.16000000000000014
RWA,1901,18.8,
RWA,1902,18.94,0.14000000000000057
RWA,1903,18.79,-0.15000000000000213
RWA,1904,18.5,-0.28999999999999915
RWA,1905,18.43,-0.07000000000000028
RWA,1906,18.07,-0.35999999999999943
RWA,1907,18.07,0.0
RWA,1908,18.63,0.5599999999999987
RWA,1909,17.77,-0.8599999999999994
RWA,1910,17.77,0.0
RWA,1911,17.95,0.17999999999999972
RWA,1912,17.82,-0.129999999999999
RWA,1913,17.77,-0.05000000000000071
RWA,1914,18.03,0.26000000000000156
RWA,1915,17.96,-0.07000000000000028
RWA,1916,17.71,-0.25
RWA,1917,17.43,-0.28000000000000114
RWA,1918,17.66,0.23000000000000043
RWA,1919,17.81,0.14999999999999858
RWA,1920,17.79,-0.019999999999999574
RWA,1921,18.56,0.7699999999999996
RWA,1922,18.49,-0.07000000000000028
RWA,1923,18.45,-0.03999999999999915
RWA,1924,18.65,0.1999999999999993
RWA,1925,18.57,-0.0799999999999983
RWA,1926,18.77,0.1999999999999993
RWA,1927,18.66,-0.10999999999999943
RWA,1928,18.79,0.129999999999999
RWA,1929,17.56,-1.2300000000000004
RWA,1930,17.72,0.16000000000000014
RWA,1931,18.3,0.5800000000000018
RWA,1932,18.04,-0.26000000000000156
RWA,1933,18.02,-0.019999999999999574
RWA,1934,18.03,0.010000000000001563
RWA,1935,18.21,0.17999999999999972
RWA,1936,18.07,-0.14000000000000057
RWA,1937,18.03,-0.03999999999999915
RWA,1938,18.22,0.18999999999999773
RWA,1939,18.3,0.08000000000000185
RWA,1940,18.52,0.21999999999999886
RWA,1941,18.74,0.21999999999999886
RWA,1942,18.36,-0.379999999999999
RWA,1943,18.44,0.08000000000000185
RWA,1944,18.46,0.019999999999999574
RWA,1945,18.42,-0.03999999999999915
RWA,1946,18.38,-0.0400000000000027
RWA,1947,18.27,-0.10999999999999943
RWA,1948,18.45,0.17999999999999972
RWA,1949,18.76,0.3100000000000023
RWA,1950,18.1,-0.6600000000000001
RWA,1951,18.55,0.4499999999999993
RWA,1952,18.71,0.16000000000000014
RWA,1953,18.81,0.09999999999999787
RWA,1954,18.64,-0.16999999999999815
RWA,1955,18.55,-0.08999999999999986
RWA,1956,18.47,-0.08000000000000185
RWA,1957,18.74,0.2699999999999996
RWA,1958,18.99,0.25
RWA,1959,18.71,-0.2799999999999976
RWA,1960,18.56,-0.15000000000000213
RWA,1961,18.62,0.060000000000002274
RWA,1962,18.44,-0.17999999999999972
RWA,1963,18.44,0.0
RWA,1964,18.46,0.019999999999999574
RWA,1965,18.52,0.05999999999999872
RWA,1966,18.73,0.21000000000000085
RWA,1967,18.5,-0.23000000000000043
RWA,1968,18.23,-0.2699999999999996
RWA,1969,18.81,0.5799999999999983
RWA,1970,18.6,-0.2099999999999973
RWA,1971,18.39,-0.21000000000000085
RWA,1972,18.63,0.23999999999999844
RWA,1973,18.74,0.10999999999999943
RWA,1974,18.47,-0.2699999999999996
RWA,1975,18.45,-0.019999999999999574
RWA,1976,18.72,0.2699999999999996
RWA,1977,18.78,0.060000000000002274
RWA,1978,18.72,-0.060000000000002274
RWA,1979,18.63,-0.08999999999999986
RWA,1980,18.75,0.120000000000001
RWA,1981,18.76,0.010000000000001563
RWA,1982,18.83,0.06999999999999673
RWA,1983,19.03,0.20000000000000284
RWA,1984,18.73,-0.3000000000000007
RWA,1985,18.62,-0.10999999999999943
RWA,1986,18.7,0.0799999999999983
RWA,1987,19.18,0.4800000000000004
RWA,1988,18.95,-0.23000000000000043
RWA,1989,18.52,-0.4299999999999997
RWA,1990,18.9,0.379999999999999
RWA,1991,18.88,-0.019999999999999574
RWA,1992,18.86,-0.019999999999999574
RWA,1993,18.84,-0.019999999999999574
RWA,1994,18.91,0.07000000000000028
RWA,1995,19.18,0.2699999999999996
RWA,1996,18.92,-0.259999999999998
RWA,1997,19.12,0.1999999999999993
RWA,1998,19.06,-0.060000000000002274
RWA,1999,19.09,0.030000000000001137
RWA,2000,19.3,0.21000000000000085
RWA,2001,19.36,0.05999999999999872
RWA,2002,19.62,0.26000000000000156
RWA,2003,19.62,0.0
RWA,2004,19.36,-0.26000000000000156
RWA,2005,19.36,0.0
RWA,2006,19.25,-0.10999999999999943
RWA,2007,19.28,0.030000000000001137
RWA,2008,19.17,-0.10999999999999943
RWA,2009,19.64,0.46999999999999886
RWA,2010,19.6,-0.03999999999999915
RWA,2011,19.12,-0.4800000000000004
RWA,2012,19.02,-0.10000000000000142
RWA,2013,19.21,0.19000000000000128
RWA,2014,19.02,-0.19000000000000128
RWA,2015,19.07,0.05000000000000071
RWA,2016,19.33,0.259999999999998
RWA,2017,19.48,0.15000000000000213
RWA,2018,19.07,-0.41000000000000014
RWA,2019,19.26,0.19000000000000128
RWA,2020,19.13,-0.13000000000000256
RWA,2021,19.21,0.08000000000000185
WSM,1901,26.44,
WSM,1902,26.44,0.0
WSM,1903,26.19,-0.25
WSM,1904,25.93,-0.26000000000000156
WSM,1905,26.01,0.08000000000000185
WSM,1906,26.47,0.4599999999999973
WSM,1907,26.02,-0.4499999999999993
WSM,1908,26.04,0.019999999999999574
WSM,1909,25.8,-0.23999999999999844
WSM,1910,25.9,0.09999999999999787
WSM,1911,26.47,0.5700000000000003
WSM,1912,26.86,0.39000000000000057
WSM,1913,26.68,-0.17999999999999972
WSM,1914,26.93,0.25
WSM,1915,26.34,-0.5899999999999999
WSM,1916,26.07,-0.2699999999999996
WSM,1917,25.95,-0.120000000000001
WSM,1918,26.14,0.19000000000000128
WSM,1919,26.9,0.759999999999998
WSM,1920,26.86,-0.03999999999999915
WSM,1921,26.84,-0.019999999999999574
WSM,1922,27.07,0.23000000000000043
WSM,1923,26.47,-0.6000000000000014
WSM,1924,26.98,0.5100000000000016
WSM,1925,26.64,-0.33999999999999986
WSM,1926,26.86,0.21999999999999886
WSM,1927,26.98,0.120000000000001
WSM,1928,26.77,-0.21000000000000085
WSM,1929,26.58,-0.19000000000000128
WSM,1930,26.61,0.030000000000001137
WSM,1931,26.54,-0.07000000000000028
WSM,1932,26.79,0.25
WSM,1933,26.62,-0.16999999999999815
WSM,1934,26.61,-0.010000000000001563
WSM,1935,26.89,0.28000000000000114
WSM,1936,26.74,-0.15000000000000213
WSM,1937,26.74,0.0
WSM,1938,26.95,0.21000000000000085
WSM,1939,26.51,-0.4399999999999977
WSM,1940,26.84,0.3299999999999983
WSM,1941,27.07,0.23000000000000043
WSM,1942,26.84,-0.23000000000000043
WSM,1943,26.8,-0.03999999999999915
WSM,1944,26.61,-0.19000000000000128
WSM,1945,26.7,0.08999999999999986
WSM,1946,26.73,0.030000000000001137
WSM,1947,26.9,0.16999999999999815
WSM,1948,26.59,-0.3099999999999987
WSM,1949,26.84,0.25
WSM,1950,26.85,0.010000000000001563
WSM,1951,26.86,0.00999999999999801
WSM,1952,27.16,0.3000000000000007
WSM,1953,26.97,-0.19000000000000128
WSM,1954,26.95,-0.019999999999999574
WSM,1955,26.79,-0.16000000000000014
WSM,1956,26.68,-0.10999999999999943
WSM,1957,26.89,0.21000000000000085
WSM,1958,27.11,0.21999999999999886
WSM,1959,27.14,0.030000000000001137
WSM,1960,27.01,-0.129999999999999
WSM,1961,26.92,-0.08999999999999986
WSM,1962,26.85,-0.07000000000000028
WSM,1963,26.91,0.05999999999999872
WSM,1964,26.78,-0.129999999999999
WSM,1965,26.5,-0.28000000000000114
WSM,1966,26.83,0.3299999999999983
WSM,1967,26.57,-0.259999999999998
WSM,1968,26.78,0.21000000000000085
WSM,1969,26.9,0.11999999999999744
WSM,1970,26.84,-0.05999999999999872
WSM,1971,26.42,-0.41999999999999815
WSM,1972,26.71,0.28999999999999915
WSM,1973,26.88,0.16999999999999815
WSM,1974,26.4,-0.4800000000000004
WSM,1975,26.64,0.240000000000002
WSM,1976,26.56,-0.08000000000000185
WSM,1977,26.82,0.26000000000000156
WSM,1978,26.75,-0.07000000000000028
WSM,1979,26.98,0.23000000000000043
WSM,1980,26.98,0.0
WSM,1981,26.81,-0.1700000000000017
WSM,1982,26.91,0.10000000000000142
WSM,1983,26.99,0.0799999999999983
WSM,1984,26.9,-0.08999999999999986
WSM,1985,26.94,0.0400000000000027
WSM,1986,26.89,-0.05000000000000071
WSM,1987,26.77,-0.120000000000001
WSM,1988,27.07,0.3000000000000007
WSM,1989,26.75,-0.3200000000000003
WSM,1990,27.25,0.5
WSM,1991,27.25,0.0
WSM,1992,27.24,-0.010000000000001563
WSM,1993,27.05,-0.18999999999999773
WSM,1994,27.14,0.08999999999999986
WSM,1995,27.46,0.3200000000000003
WSM,1996,27.64,0.17999999999999972
WSM,1997,27.49,-0.15000000000000213
WSM,1998,27.62,0.13000000000000256
WSM,1999,27.45,-0.1700000000000017
WSM,2000,27.65,0.1999999999999993
WSM,2001,28.15,0.5
WSM,2002,28.13,-0.019999999999999574
WSM,2003,27.65,-0.4800000000000004
WSM,2004,27.6,-0.04999999999999716
WSM,2005,27.85,0.25
WSM,2006,27.56,-0.2900000000000027
WSM,2007,27.92,0.360000000000003
WSM,2008,27.64,-0.28000000000000114
WSM,2009,27.59,-0.05000000000000071
WSM,2010,27.69,0.10000000000000142
WSM,2011,27.29,-0.40000000000000213
WSM,2012,27.36,0.07000000000000028
WSM,2013,27.62,0.26000000000000156
WSM,2014,27.45,-0.1700000000000017
WSM,2015,27.38,-0.07000000000000028
WSM,2016,27.86,0.4800000000000004
WSM,2017,27.69,-0.16999999999999815
WSM,2018,27.56,-0.13000000000000256
WSM,2019,27.79,0.23000000000000043
WSM,2020,27.75,-0.03999999999999915
WSM,2021,27.56,-0.19000000000000128
STP,1901,23.56,
STP,1902,23.79,0.23000000000000043
STP,1903,23.93,0.14000000000000057
STP,1904,23.63,-0.3000000000000007
STP,1905,24.06,0.4299999999999997
STP,1906,24.0,-0.05999999999999872
STP,1907,24.04,0.03999999999999915
STP,1908,23.61,-0.4299999999999997
STP,1909,24.18,0.5700000000000003
STP,1910,23.55,-0.629999999999999
STP,1911,24.0,0.4499999999999993
STP,1912,24.08,0.0799999999999983
STP,1913,23.62,-0.4599999999999973
STP,1914,24.08,0.4599999999999973
STP,1915,23.89,-0.18999999999999773
STP,1916,23.89,0.0
STP,1917,23.89,0.0
STP,1918,23.89,0.0
STP,1919,23.89,0.0
STP,1920,23.89,0.0
STP,1921,23.89,0.0
STP,1922,23.89,0.0
STP,1923,23.89,0.0
STP,1924,23.89,0.0
STP,1925,23.89,0.0
STP,1926,23.89,0.0
STP,1927,23.89,0.0
STP,1928,23.89,0.0
STP,1929,23.89,0.0
STP,1930,23.89,0.0
STP,1931,23.89,0.0
STP,1932,23.89,0.0
STP,1933,23.89,0.0
STP,1934,23.89,0.0
STP,1935,23.89,0.0
STP,1936,23.89,0.0
STP,1937,23.89,0.0
STP,1938,23.89,0.0
STP,1939,23.89,0.0
STP,1940,23.89,0.0
STP,1941,24.41,0.5199999999999996
STP,1942,24.28,-0.129999999999999
STP,1943,23.7,-0.5800000000000018
STP,1944,24.39,0.6900000000000013
STP,1945,24.5,0.10999999999999943
STP,1946,24.12,-0.379999999999999
STP,1947,24.48,0.35999999999999943
STP,1948,24.08,-0.40000000000000213
STP,1949,24.48,0.40000000000000213
STP,1950,24.36,-0.120000000000001
STP,1951,24.26,-0.09999999999999787
STP,1952,24.14,-0.120000000000001
STP,1953,24.03,-0.10999999999999943
STP,1954,23.64,-0.39000000000000057
STP,1955,23.83,0.18999999999999773
STP,1956,23.69,-0.13999999999999702
STP,1957,24.05,0.35999999999999943
STP,1958,23.91,-0.14000000000000057
STP,1959,24.0,0.08999999999999986
STP,1960,24.11,0.10999999999999943
STP,1961,23.9,-0.21000000000000085
STP,1962,23.92,0.020000000000003126
STP,1963,24.32,0.3999999999999986
STP,1964,23.94,-0.379999999999999
STP,1965,23.91,-0.030000000000001137
STP,1966,24.26,0.3500000000000014
STP,1967,23.98,-0.28000000000000114
STP,1968,23.94,-0.03999999999999915
STP,1969,24.12,0.17999999999999972
STP,1970,24.07,-0.05000000000000071
STP,1971,23.69,-0.379999999999999
STP,1972,23.63,-0.060000000000002274
STP,1973,24.06,0.4299999999999997
STP,1974,23.57,-0.48999999999999844
STP,1975,23.56,-0.010000000000001563
STP,1976,23.35,-0.2099999999999973
STP,1977,23.83,0.4799999999999969
STP,1978,23.78,-0.04999999999999716
STP,1979,23.99,0.2099999999999973
STP,1980,24.02,0.030000000000001137
STP,1981,23.8,-0.21999999999999886
STP,1982,23.63,-0.1700000000000017
STP,1983,23.94,0.3100000000000023
STP,1984,24.11,0.16999999999999815
STP,1985,23.74,-0.370000000000001
STP,1986,23.67,-0.06999999999999673
STP,1987,24.29,0.6199999999999974
STP,1988,24.05,-0.23999999999999844
STP,1989,24.04,-0.010000000000001563
STP,1990,23.96,-0.0799999999999983
STP,1991,23.97,0.00999999999999801
STP,1992,23.77,-0.1999999999999993
STP,1993,23.97,0.1999999999999993
STP,1994,23.91,-0.05999999999999872
STP,1995,24.19,0.28000000000000114
STP,1996,23.99,-0.20000000000000284
STP,1997,23.85,-0.13999999999999702
STP,1998,24.52,0.6699999999999982
STP,1999,24.16,-0.35999999999999943
STP,2000,24.21,0.05000000000000071
STP,2001,24.22,0.00999999999999801
STP,2002,24.44,0.22000000000000242
STP,2003,24.47,0.029999999999997584
STP,2004,24.23,-0.23999999999999844
STP,2005,24.31,0.0799999999999983
STP,2006,24.36,0.05000000000000071
STP,2007,24.36,0.0
STP,2008,24.21,-0.14999999999999858
STP,2009,24.29,0.0799999999999983
STP,2010,24.49,0.1999999999999993
STP,2011,24.17,-0.31999999999999673
STP,2012,24.25,0.0799999999999983
STP,2013,24.28,0.030000000000001137
STP,2014,24.36,0.0799999999999983
STP,2015,24.43,0.07000000000000028
STP,2016,24.52,0.08999999999999986
STP,2017,24.43,-0.08999999999999986
STP,2018,24.59,0.16000000000000014
STP,2019,24.42,-0.16999999999999815
STP,2020,24.49,0.06999999999999673
STP,2021,24.7,0.21000000000000085
SLE,1901,26.67,
SLE,1902,26.7,0.029999999999997584
SLE,1903,26.34,-0.35999999999999943
SLE,1904,26.18,-0.16000000000000014
SLE,1905,26.37,0.19000000000000128
SLE,1906,26.36,-0.010000000000001563
SLE,1907,26.04,-0.3200000000000003
SLE,1908,26.45,0.41000000000000014
SLE,1909,26.29,-0.16000000000000014
SLE,1910,26.54,0.25
SLE,1911,26.21,-0.3299999999999983
SLE,1912,26.7,0.48999999999999844
SLE,1913,26.4,-0.3000000000000007
SLE,1914,26.25,-0.14999999999999858
SLE,1915,26.68,0.4299999999999997
SLE,1916,26.18,-0.5
SLE,1917,26.32,0.14000000000000057
SLE,1918,26.28,-0.03999999999999915
SLE,1919,26.28,0.0
SLE,1920,26.14,-0.14000000000000057
SLE,1921,25.93,-0.21000000000000085
SLE,1922,25.88,-0.05000000000000071
SLE,1923,26.2,0.3200000000000003
SLE,1924,25.81,-0.39000000000000057
SLE,1925,25.95,0.14000000000000057
SLE,1926,26.17,0.22000000000000242
SLE,1927,25.62,-0.5500000000000007
SLE,1928,25.49,-0.13000000000000256
SLE,1929,25.41,-0.0799999999999983
SLE,1930,25.49,0.0799999999999983
SLE,1931,26.07,0.5800000000000018
SLE,1932,26.01,-0.05999999999999872
SLE,1933,26.12,0.10999999999999943
SLE,1934,26.05,-0.07000000000000028
SLE,1935,25.96,-0.08999999999999986
SLE,1936,26.05,0.08999999999999986
SLE,1937,26.23,0.17999999999999972
SLE,1938,26.31,0.0799999999999983
SLE,1939,26.24,-0.07000000000000028
SLE,1940,26.27,0.030000000000001137
SLE,1941,26.61,0.33999999999999986
SLE,1942,26.33,-0.28000000000000114
SLE,1943,25.97,-0.35999999999999943
SLE,1944,26.49,0.5199999999999996
SLE,1945,26.5,0.010000000000001563
SLE,1946,26.19,-0.3099999999999987
SLE,1947,26.28,0.08999999999999986
SLE,1948,26.0,-0.28000000000000114
SLE,1949,26.19,0.19000000000000128
SLE,1950,25.93,-0.26000000000000156
SLE,1951,26.06,0.129999999999999
SLE,1952,26.06,0.0
SLE,1953,26.22,0.16000000000000014
SLE,1954,25.81,-0.41000000000000014
SLE,1955,25.84,0.030000000000001137
SLE,1956,25.73,-0.10999999999999943
SLE,1957,25.97,0.23999999999999844
SLE,1958,26.05,0.08000000000000185
SLE,1959,25.91,-0.14000000000000057
SLE,1960,26.02,0.10999999999999943
SLE,1961,25.8,-0.21999999999999886
SLE,1962,25.86,0.05999999999999872
SLE,1963,26.14,0.28000000000000114
SLE,1964,25.8,-0.33999999999999986
SLE,1965,25.67,-0.129999999999999
SLE,1966,26.0,0.3299999999999983
SLE,1967,25.82,-0.17999999999999972
SLE,1968,25.99,0.16999999999999815
SLE,1969,26.29,0.3000000000000007
SLE,1970,26.14,-0.14999999999999858
SLE,1971,25.68,-0.46000000000000085
SLE,1972,26.11,0.4299999999999997
SLE,1973,26.37,0.26000000000000156
SLE,1974,25.89,-0.4800000000000004
SLE,1975,25.69,-0.1999999999999993
SLE,1976,25.61,-0.08000000000000185
SLE,1977,26.12,0.5100000000000016
SLE,1978,25.94,-0.17999999999999972
SLE,1979,26.26,0.3200000000000003
SLE,1980,26.24,-0.020000000000003126
SLE,1981,26.19,-0.04999999999999716
SLE,1982,26.02,-0.1700000000000017
SLE,1983,26.47,0.4499999999999993
SLE,1984,26.2,-0.2699999999999996
SLE,1985,26.02,-0.17999999999999972
SLE,1986,25.83,-0.19000000000000128
SLE,1987,26.6,0.7700000000000031
SLE,1988,26.24,-0.360000000000003
SLE,1989,26.1,-0.13999999999999702
SLE,1990,26.3,0.1999999999999993
SLE,1991,26.34,0.03999999999999915
SLE,1992,26.12,-0.21999999999999886
SLE,1993,26.26,0.14000000000000057
SLE,1994,26.03,-0.23000000000000043
SLE,1995,26.24,0.2099999999999973
SLE,1996,26.4,0.16000000000000014
SLE,1997,26.35,-0.04999999999999716
SLE,1998,26.85,0.5
SLE,1999,26.14,-0.7100000000000009
SLE,2000,26.26,0.120000000000001
SLE,2001,26.48,0.21999999999999886
SLE,2002,26.66,0.17999999999999972
SLE,2003,26.57,-0.08999999999999986
SLE,2004,26.7,0.129999999999999
SLE,2005,26.72,0.019999999999999574
SLE,2006,26.69,-0.029999999999997584
SLE,2007,26.76,0.07000000000000028
SLE,2008,26.46,-0.3000000000000007
SLE,2009,26.38,-0.08000000000000185
SLE,2010,26.85,0.4700000000000024
SLE,2011,26.67,-0.17999999999999972
SLE,2012,26.45,-0.22000000000000242
SLE,2013,26.6,0.15000000000000213
SLE,2014,26.52,-0.08000000000000185
SLE,2015,26.68,0.16000000000000014
SLE,2016,26.97,0.28999999999999915
SLE,2017,26.89,-0.0799999999999983
SLE,2018,26.74,-0.15000000000000213
SLE,2019,26.58,-0.16000000000000014
SLE,2020,27.01,0.43000000000000327
SLE,2021,27.19,0.17999999999999972
SLB,1901,25.6,
SLB,1902,25.6,0.0
SLB,1903,25.6,0.0
SLB,1904,25.6,0.0
SLB,1905,25.6,0.0
SLB,1906,25.6,0.0
SLB,1907,25.6,0.0
SLB,1908,25.6,0.0
SLB,1909,25.6,0.0
SLB,1910,25.6,0.0
SLB,1911,25.6,0.0
SLB,1912,25.6,0.0
SLB,1913,25.6,0.0
SLB,1914,25.6,0.0
SLB,1915,25.6,0.0
SLB,1916,25.6,0.0
SLB,1917,25.6,0.0
SLB,1918,25.6,0.0
SLB,1919,25.6,0.0
SLB,1920,25.6,0.0
SLB,1921,25.6,0.0
SLB,1922,25.6,0.0
SLB,1923,25.6,0.0
SLB,1924,25.6,0.0
SLB,1925,25.6,0.0
SLB,1926,25.6,0.0
SLB,1927,25.6,0.0
SLB,1928,25.6,0.0
SLB,1929,25.6,0.0
SLB,1930,25.6,0.0
SLB,1931,25.6,0.0
SLB,1932,25.73,0.129999999999999
SLB,1933,25.65,-0.08000000000000185
SLB,1934,25.57,-0.0799999999999983
SLB,1935,25.51,-0.05999999999999872
SLB,1936,25.4,-0.11000000000000298
SLB,1937,25.45,0.05000000000000071
SLB,1938,25.64,0.19000000000000128
SLB,1939,25.6,-0.03999999999999915
SLB,1940,25.77,0.16999999999999815
SLB,1941,25.67,-0.09999999999999787
SLB,1942,25.48,-0.19000000000000128
SLB,1943,25.48,0.0
SLB,1944,25.61,0.129999999999999
SLB,1945,26.06,0.4499999999999993
SLB,1946,25.8,-0.259999999999998
SLB,1947,25.94,0.14000000000000057
SLB,1948,25.75,-0.19000000000000128
SLB,1949,25.87,0.120000000000001
SLB,1950,25.44,-0.4299999999999997
SLB,1951,25.65,0.2099999999999973
SLB,1952,25.82,0.1700000000000017
SLB,1953,25.41,-0.41000000000000014
SLB,1954,25.47,0.05999999999999872
SLB,1955,25.21,-0.259999999999998
SLB,1956,25.37,0.16000000000000014
SLB,1957,25.26,-0.10999999999999943
SLB,1958,25.6,0.33999999999999986
SLB,1959,25.53,-0.07000000000000028
SLB,1960,25.41,-0.120000000000001
SLB,1961,25.4,-0.010000000000001563
SLB,1962,25.51,0.11000000000000298
SLB,1963,25.37,-0.14000000000000057
SLB,1964,25.54,0.16999999999999815
SLB,1965,25.08,-0.46000000000000085
SLB,1966,25.56,0.4800000000000004
SLB,1967,25.39,-0.16999999999999815
SLB,1968,25.37,-0.019999999999999574
SLB,1969,25.6,0.23000000000000043
SLB,1970,25.64,0.03999999999999915
SLB,1971,25.4,-0.240000000000002
SLB,1972,25.51,0.11000000000000298
SLB,1973,25.83,0.31999999999999673
SLB,1974,25.5,-0.3299999999999983
SLB,1975,25.25,-0.25
SLB,1976,25.22,-0.030000000000001137
SLB,1977,25.41,0.19000000000000128
SLB,1978,25.46,0.05000000000000071
SLB,1979,25.64,0.17999999999999972
SLB,1980,25.61,-0.030000000000001137
SLB,1981,25.79,0.17999999999999972
SLB,1982,25.65,-0.14000000000000057
SLB,1983,25.78,0.13000000000000256
SLB,1984,25.73,-0.05000000000000071
SLB,1985,25.79,0.05999999999999872
SLB,1986,25.86,0.07000000000000028
SLB,1987,26.06,0.1999999999999993
SLB,1988,25.99,-0.07000000000000028
SLB,1989,25.9,-0.08999999999999986
SLB,1990,26.23,0.33000000000000185
SLB,1991,25.65,-0.5800000000000018
SLB,1992,25.63,-0.019999999999999574
SLB,1993,25.61,-0.019999999999999574
SLB,1994,25.61,0.0
SLB,1995,25.69,0.08000000000000185
SLB,1996,25.66,-0.030000000000001137
SLB,1997,25.6,-0.05999999999999872
SLB,1998,25.72,0.11999999999999744
SLB,1999,25.71,-0.00999999999999801
SLB,2000,25.72,0.00999999999999801
SLB,2001,25.6,-0.11999999999999744
SLB,2002,25.62,0.019999999999999574
SLB,2003,25.64,0.019999999999999574
SLB,2004,25.68,0.03999999999999915
SLB,2005,25.67,-0.00999999999999801
SLB,2006,25.66,-0.010000000000001563
SLB,2007,25.63,-0.030000000000001137
SLB,2008,25.6,-0.029999999999997584
SLB,2009,25.67,0.07000000000000028
SLB,2010,25.74,0.06999999999999673
SLB,2011,25.6,-0.13999999999999702
SLB,2012,25.6,0.0
SLB,2013,25.6,0.0
SLB,2014,25.6,0.0
SLB,2015,25.6,0.0
SLB,2016,25.6,0.0
SLB,2017,25.6,0.0
SLB,2018,25.6,0.0
SLB,2019,25.6,0.0
SLB,2020,25.6,0.0
SLB,2021,25.6,0.0
TLS,1901,24.65,
TLS,1902,24.66,0.010000000000001563
TLS,1903,24.88,0.21999999999999886
TLS,1904,24.41,-0.46999999999999886
TLS,1905,24.93,0.5199999999999996
TLS,1906,25.25,0.3200000000000003
TLS,1907,24.71,-0.5399999999999991
TLS,1908,24.8,0.08999999999999986
TLS,1909,24.87,0.07000000000000028
TLS,1910,24.8,-0.07000000000000028
TLS,1911,24.59,-0.21000000000000085
TLS,1912,24.79,0.1999999999999993
TLS,1913,24.36,-0.4299999999999997
TLS,1914,24.56,0.1999999999999993
TLS,1915,25.0,0.4400000000000013
TLS,1916,25.02,0.019999999999999574
TLS,1917,24.65,-0.370000000000001
TLS,1918,24.59,-0.05999999999999872
TLS,1919,24.47,-0.120000000000001
TLS,1920,25.08,0.6099999999999994
TLS,1921,24.86,-0.21999999999999886
TLS,1922,24.52,-0.33999999999999986
TLS,1923,24.42,-0.09999999999999787
TLS,1924,24.92,0.5
TLS,1925,24.33,-0.5900000000000034
TLS,1926,24.97,0.6400000000000006
TLS,1927,24.94,-0.029999999999997584
TLS,1928,24.78,-0.16000000000000014
TLS,1929,24.48,-0.3000000000000007
TLS,1930,24.68,0.1999999999999993
TLS,1931,24.88,0.1999999999999993
TLS,1932,24.76,-0.11999999999999744
TLS,1933,24.65,-0.11000000000000298
TLS,1934,24.63,-0.019999999999999574
TLS,1935,24.58,-0.05000000000000071
TLS,1936,24.98,0.40000000000000213
TLS,1937,24.61,-0.370000000000001
TLS,1938,24.7,0.08999999999999986
TLS,1939,24.31,-0.39000000000000057
TLS,1940,24.18,-0.129999999999999
TLS,1941,23.98,-0.1999999999999993
TLS,1942,24.84,0.8599999999999994
TLS,1943,24.0,-0.8399999999999999
TLS,1944,23.97,-0.030000000000001137
TLS,1945,23.86,-0.10999999999999943
TLS,1946,23.72,-0.14000000000000057
TLS,1947,24.06,0.33999999999999986
TLS,1948,23.84,-0.21999999999999886
TLS,1949,23.57,-0.2699999999999996
TLS,1950,23.72,0.14999999999999858
TLS,1951,24.19,0.4700000000000024
TLS,1952,24.42,0.23000000000000043
TLS,1953,24.06,-0.360000000000003
TLS,1954,24.08,0.019999999999999574
TLS,1955,24.39,0.3100000000000023
TLS,1956,24.17,-0.21999999999999886
TLS,1957,24.28,0.10999999999999943
TLS,1958,24.82,0.5399999999999991
TLS,1959,24.41,-0.41000000000000014
TLS,1960,24.18,-0.23000000000000043
TLS,1961,24.23,0.05000000000000071
TLS,1962,24.54,0.3099999999999987
TLS,1963,24.13,-0.41000000000000014
TLS,1964,24.46,0.33000000000000185
TLS,1965,24.24,-0.22000000000000242
TLS,1966,24.49,0.25
TLS,1967,24.06,-0.4299999999999997
TLS,1968,24.38,0.3200000000000003
TLS,1969,24.52,0.14000000000000057
TLS,1970,24.67,0.15000000000000213
TLS,1971,24.33,-0.3400000000000034
TLS,1972,24.52,0.19000000000000128
TLS,1973,24.88,0.35999999999999943
TLS,1974,24.07,-0.8099999999999987
TLS,1975,24.46,0.39000000000000057
TLS,1976,23.91,-0.5500000000000007
TLS,1977,23.99,0.0799999999999983
TLS,1978,24.59,0.6000000000000014
TLS,1979,24.76,0.1700000000000017
TLS,1980,24.62,-0.14000000000000057
TLS,1981,24.77,0.14999999999999858
TLS,1982,24.24,-0.5300000000000011
TLS,1983,24.59,0.3500000000000014
TLS,1984,24.32,-0.2699999999999996
TLS,1985,24.54,0.21999999999999886
TLS,1986,24.83,0.28999999999999915
TLS,1987,24.64,-0.18999999999999773
TLS,1988,24.88,0.23999999999999844
TLS,1989,24.55,-0.3299999999999983
TLS,1990,24.68,0.129999999999999
TLS,1991,24.55,-0.129999999999999
TLS,1992,24.84,0.28999999999999915
TLS,1993,24.73,-0.10999999999999943
TLS,1994,24.16,-0.5700000000000003
TLS,1995,24.42,0.26000000000000156
TLS,1996,24.45,0.029999999999997584
TLS,1997,24.26,-0.18999999999999773
TLS,1998,25.03,0.7699999999999996
TLS,1999,24.08,-0.9500000000000028
TLS,2000,24.18,0.10000000000000142
TLS,2001,24.44,0.26000000000000156
TLS,2002,24.69,0.25
TLS,2003,24.83,0.13999999999999702
TLS,2004,24.48,-0.34999999999999787
TLS,2005,24.75,0.2699999999999996
TLS,2006,23.91,-0.8399999999999999
TLS,2007,24.17,0.26000000000000156
TLS,2008,24.24,0.06999999999999673
TLS,2009,24.42,0.18000000000000327
TLS,2010,24.52,0.09999999999999787
TLS,2011,24.06,-0.46000000000000085
TLS,2012,24.32,0.26000000000000156
TLS,2013,24.77,0.4499999999999993
TLS,2014,24.62,-0.14999999999999858
TLS,2015,24.62,0.0
TLS,2016,25.18,0.5599999999999987
TLS,2017,24.75,-0.4299999999999997
TLS,2018,24.71,-0.03999999999999915
TLS,2019,24.75,0.03999999999999915
TLS,2020,24.95,0.1999999999999993
TLS,2021,24.87,-0.0799999999999983
YEM,1901,25.12,
YEM,1902,25.11,-0.010000000000001563
YEM,1903,25.1,-0.00999999999999801
YEM,1904,25.06,-0.0400000000000027
YEM,1905,25.1,0.0400000000000027
YEM,1906,25.09,-0.010000000000001563
YEM,1907,25.05,-0.03999999999999915
YEM,1908,25.12,0.07000000000000028
YEM,1909,25.05,-0.07000000000000028
YEM,1910,25.1,0.05000000000000071
YEM,1911,25.09,-0.010000000000001563
YEM,1912,25.05,-0.03999999999999915
YEM,1913,25.05,0.0
YEM,1914,25.08,0.029999999999997584
YEM,1915,25.12,0.0400000000000027
YEM,1916,25.1,-0.019999999999999574
YEM,1917,25.12,0.019999999999999574
YEM,1918,25.12,0.0
YEM,1919,25.12,0.0
YEM,1920,25.1,-0.019999999999999574
YEM,1921,25.12,0.019999999999999574
YEM,1922,25.11,-0.010000000000001563
YEM,1923,25.11,0.0
YEM,1924,25.1,-0.00999999999999801
YEM,1925,25.12,0.019999999999999574
YEM,1926,25.12,0.0
YEM,1927,25.12,0.0
YEM,1928,25.08,-0.0400000000000027
YEM,1929,25.1,0.020000000000003126
YEM,1930,25.09,-0.010000000000001563
YEM,1931,25.09,0.0
YEM,1932,25.06,-0.030000000000001137
YEM,1933,25.06,0.0
YEM,1934,25.08,0.019999999999999574
YEM,1935,25.11,0.030000000000001137
YEM,1936,25.06,-0.05000000000000071
YEM,1937,25.08,0.019999999999999574
YEM,1938,25.09,0.010000000000001563
YEM,1939,25.09,0.0
YEM,1940,25.09,0.0
YEM,1941,25.08,-0.010000000000001563
YEM,1942,24.91,-0.16999999999999815
YEM,1943,24.8,-0.10999999999999943
YEM,1944,25.01,0.21000000000000085
YEM,1945,24.87,-0.14000000000000057
YEM,1946,25.03,0.16000000000000014
YEM,1947,24.9,-0.13000000000000256
YEM,1948,24.97,0.07000000000000028
YEM,1949,24.72,-0.25
YEM,1950,24.68,-0.03999999999999915
YEM,1951,25.04,0.35999999999999943
YEM,1952,24.81,-0.23000000000000043
YEM,1953,25.17,0.360000000000003
YEM,1954,25.23,0.05999999999999872
YEM,1955,25.05,-0.17999999999999972
YEM,1956,24.86,-0.19000000000000128
YEM,1957,24.76,-0.09999999999999787
YEM,1958,25.15,0.389999999999997
YEM,1959,24.79,-0.35999999999999943
YEM,1960,25.04,0.25
YEM,1961,24.97,-0.07000000000000028
YEM,1962,24.92,-0.04999999999999716
YEM,1963,25.07,0.14999999999999858
YEM,1964,24.68,-0.39000000000000057
YEM,1965,25.02,0.33999999999999986
YEM,1966,25.17,0.15000000000000213
YEM,1967,24.84,-0.33000000000000185
YEM,1968,24.8,-0.03999999999999915
YEM,1969,25.36,0.5599999999999987
YEM,1970,25.23,-0.129999999999999
YEM,1971,24.7,-0.5300000000000011
YEM,1972,24.98,0.28000000000000114
YEM,1973,25.2,0.21999999999999886
YEM,1974,24.93,-0.2699999999999996
YEM,1975,25.0,0.07000000000000028
YEM,1976,25.14,0.14000000000000057
YEM,1977,25.26,0.120000000000001
YEM,1978,25.14,-0.120000000000001
YEM,1979,25.2,0.05999999999999872
YEM,1980,25.37,0.1700000000000017
YEM,1981,25.19,-0.17999999999999972
YEM,1982,25.2,0.00999999999999801
YEM,1983,25.12,-0.0799999999999983
YEM,1984,24.86,-0.26000000000000156
YEM,1985,25.16,0.3000000000000007
YEM,1986,25.14,-0.019999999999999574
YEM,1987,25.46,0.3200000000000003
YEM,1988,25.37,-0.08999999999999986
YEM,1989,24.98,-0.39000000000000057
YEM,1990,25.51,0.5300000000000011
YEM,1991,25.26,-0.25
YEM,1992,25.05,-0.21000000000000085
YEM,1993,25.27,0.21999999999999886
YEM,1994,25.32,0.05000000000000071
YEM,1995,25.39,0.07000000000000028
YEM,1996,25.32,-0.07000000000000028
YEM,1997,25.39,0.07000000000000028
YEM,1998,25.9,0.509999999999998
YEM,1999,25.45,-0.4499999999999993
YEM,2000,25.39,-0.05999999999999872
YEM,2001,25.5,0.10999999999999943
YEM,2002,25.61,0.10999999999999943
YEM,2003,25.73,0.120000000000001
YEM,2004,25.52,-0.21000000000000085
YEM,2005,25.51,-0.00999999999999801
YEM,2006,25.58,0.06999999999999673
YEM,2007,25.66,0.08000000000000185
YEM,2008,25.24,-0.4200000000000017
YEM,2009,25.77,0.5300000000000011
YEM,2010,25.79,0.019999999999999574
YEM,2011,25.56,-0.23000000000000043
YEM,2012,25.52,-0.03999999999999915
YEM,2013,25.49,-0.030000000000001137
YEM,2014,25.6,0.11000000000000298
YEM,2015,25.95,0.34999999999999787
YEM,2016,25.65,-0.3000000000000007
YEM,2017,25.75,0.10000000000000142
YEM,2018,25.5,-0.25
YEM,2019,25.94,0.4400000000000013
YEM,2020,25.62,-0.3200000000000003
YEM,2021,25.62,0.0
